xi,yi
11.4632562,1.366
9.2130874,1.358
6.8415402,1.329
11.5834675,1.364
4.5913714,1.32
